<?xml version="1.0" encoding="UTF-8"?>
<FlexiPage xmlns="http://soap.sforce.com/2006/04/metadata">
    <flexiPageRegions>
        <componentInstances>
            <componentName>cmpDatatable</componentName>
        </componentInstances>
        <name>main</name>
        <type>Region</type>
    </flexiPageRegions>
    <flexiPageRegions>
        <componentInstances>
            <componentName>cmpContact</componentName>
        </componentInstances>
        <name>rt_col</name>
        <type>Region</type>
    </flexiPageRegions>
    <masterLabel>Contact Dashboard</masterLabel>
    <template>
        <name>customLayout</name>
    </template>
    <type>AppPage</type>
</FlexiPage>
